l1,l2,l3,l4,l5,l6,l7,l8,l9,l10
analyse,achieve,alternative,access,academy,abstract,adapt,abandon,accommodate,adjacent
analysed,achievable,alternatively,accessed,academia,abstraction,adaptability,abandoned,accommodated,albeit
analyser,achieved,alternatives,accesses,academic,abstractions,adaptable,abandoning,accommodates,assemble
analysers,achievement,circumstance,accessibility,academically,abstractly,adaptation,abandonment,accommodating,assembled
analyses,achievements,circumstances,accessible,academics,abstracts,adaptations,abandons,accommodation,assembles
analysing,achieves,comment,accessing,academies,accurate,adapted,accompany,analogy,assemblies
analysis,achieving,commentaries,inaccessible,adjust,accuracy,adapting,accompanied,analogies,assembling
analyst,acquire,commentary,adequate,adjusted,accurately,adaptive,accompanies,analogous,assembly
analysts,acquired,commentator,adequacy,adjusting,inaccuracy,adapts,accompaniment,anticipate,collapse
analytic,acquires,commentators,adequately,adjustment,inaccuracies,adult,accompanying,anticipated,collapsed
analytical,acquiring,commented,inadequacies,adjustments,inaccurate,adulthood,unaccompanied,anticipates,collapses
analytically,acquisition,commenting,inadequacy,adjusts,acknowledge,adults,accumulate,anticipating,collapsible
analyze,acquisitions,comments,inadequate,readjust,acknowledged,advocate,accumulated,anticipation,collapsing
analyzed,administration,compensate,inadequately,readjusted,acknowledges,advocacy,accumulating,unanticipated,colleague
analyzes,administrates,compensated,annual,readjusting,acknowledging,advocated,accumulation,assure,colleagues
analyzing,administrate,compensates,annually,readjustment,acknowledgement,advocates,accumulates,assurance,compile
approach,administrations,compensating,apparent,readjustments,acknowledgements,advocating,ambiguous,assurances,compilation
approachable,administrative,compensation,apparently,readjusts,aggregate,aid,ambiguities,assured,compilations
approached,administratively,compensations,approximate,alter,aggregated,aided,ambiguity,assuredly,compiled
approaches,administrator,compensatory,approximated,alterable,aggregates,aiding,unambiguous,assures,compiles
approaching,administrators,component,approximately,alteration,aggregating,aids,unambiguously,assuring,compiling
unapproachable,affect,componentry,approximates,alterations,aggregation,unaided,append,attain,conceive
area,affected,components,approximating,altered,allocate,channel,appendix,attainable,conceivable
areas,affecting,consent,approximation,altering,allocated,channelled,appended,attained,conceivably
assess,affective,consensus,approximations,alternate,allocates,channelling,appends,attaining,conceived
assessable,affectively,consented,attitude,alternating,allocating,channels,appending,attainment,conceives
assessed,affects,consenting,attitudes,alters,allocation,chemical,appendices,attainments,conceiving
assesses,unaffected,consents,attribute,unalterable,allocations,chemically,appendixes,attains,inconceivable
assessing,appropriate,considerable,attributable,unaltered,assign,chemicals,appreciate,unattainable,inconceivably
assessment,appropriacy,considerably,attributed,amend,assigned,classic,appreciable,behalf,convince
assessments,appropriately,constant,attributes,amended,assigning,classical,appreciably,bulk,convinced
reassess,appropriateness,constancy,attributing,amending,assignment,classics,appreciated,bulky,convinces
reassessed,inappropriacy,constantly,attribution,amendment,assignments,comprehensive,appreciates,cease,convincing
reassessing,inappropriate,constants,civil,amendments,assigns,comprehensively,appreciating,ceased,convincingly
reassessment,inappropriately,inconstancy,code,amends,reassign,comprise,appreciation,ceaseless,unconvinced
unassessed,aspect,inconstantly,coded,aware,reassigned,comprised,unappreciated,ceases,depress
assume,aspects,constrain,codes,awareness,reassigning,comprises,arbitrary,ceasing,depressed
assumed,assist,constrained,coding,unaware,reassigns,comprising,arbitrariness,coherent,depresses
assumes,assistance,constraining,commit,capacity,unassigned,confirm,arbitrarily,coherence,depressing
assuming,assistant,constrains,commitment,capacities,attach,confirmation,automate,coherently,depression
assumption,assistants,constraint,commitments,incapacitate,attached,confirmed,automatic,incoherent,encounter
assumptions,assisted,constraints,commits,incapacitated,attaches,confirming,automated,incoherently,encountered
authority,assisting,unconstrained,committed,challenge,attaching,confirms,automates,coincide,encountering
authoritative,assists,contribute,committing,challenged,attachment,contrary,automating,coincided,encounters
authorities,unassisted,contributed,communicate,challenger,attachments,contrarily,automatically,coincides,enormous
available,category,contributes,communicable,challengers,unattached,convert,automation,coinciding,enormity
availability,categories,contributing,communicated,challenges,author,conversion,bias,coincidence,enormously
unavailable,categorisation,contribution,communicates,challenging,authored,conversions,biased,coincidences,forthcoming
benefit,categorise,contributions,communicating,clause,authoring,converted,biases,coincident,incline
beneficial,categorised,contributor,communication,clauses,authors,convertible,biasing,coincidental,inclination
beneficiary,categorises,contributors,communications,compound,authorship,converting,unbiased,commence,inclinations
beneficiaries,categorising,convene,communicative,compounded,bond,converts,chart,commenced,inclined
benefited,categorization,convention,communicatively,compounding,bonded,couple,charted,commences,inclines
benefiting,categorized,convenes,uncommunicative,compounds,bonding,coupled,charting,commencement,inclining
benefits,categorizes,convened,concentrate,conflict,bonds,coupling,charts,commencing,integrity
concept,categorizing,convening,concentrated,conflicted,brief,couples,uncharted,recommences,intrinsic
conception,chapter,conventional,concentrates,conflicting,brevity,decade,clarify,recommenced,intrinsically
concepts,chapters,conventionally,concentrating,conflicts,briefed,decades,clarification,recommencing,invoke
conceptual,commission,conventions,concentration,consult,briefing,definite,clarified,compatible,invoked
conceptualisation,commissioned,unconventional,confer,consultancy,briefly,definitely,clarifies,compatibility,invokes
conceptualise,commissioner,coordinate,conference,consultant,briefs,definitive,clarifying,incompatibility,invoking
conceptualised,commissioners,coordinated,conferences,consultants,capable,indefinite,clarity,incompatible,levy
conceptualises,commissioning,coordinates,conferred,consultation,capabilities,indefinitely,commodity,concurrent,levies
conceptualising,commissions,coordinating,conferring,consultations,capability,deny,commodities,concurrently,likewise
conceptually,community,coordination,confers,consultative,incapable,deniable,complement,confine,nonetheless
consist,communities,coordinator,contrast,consulted,cite,denial,complementary,confined,notwithstanding
consisted,complex,coordinators,contrasted,consults,citation,denials,complemented,confines,odd
consistency,complexities,co-ordinate,contrasting,consulting,citations,denied,complementing,confining,odds
consistent,complexity,co-ordinated,contrastive,contact,cited,denies,complements,unconfined,ongoing
consistently,compute,co-ordinates,contrasts,contactable,citing,denying,conform,controversy,panel
consisting,computation,co-ordinating,cycle,contacted,cites,undeniable,conformable,controversies,panelled
consists,computational,co-ordination,cycled,contacting,cooperate,differentiate,conformability,controversial,panelling
inconsistencies,computations,co-ordinator,cycles,contacts,cooperated,differentiated,conformance,controversially,panels
inconsistency,computable,co-ordinators,cyclic,decline,cooperates,differentiates,conformation,uncontroversial,persist
inconsistent,computer,core,cyclical,declined,cooperating,differentiating,conformed,converse,persisted
constitute,computed,cores,cycling,declines,cooperation,differentiation,conforming,conversely,persistence
constituencies,computerised,coring,debate,declining,cooperative,dispose,conformist,device,persistent
constituency,computers,cored,debatable,discrete,cooperatively,disposable,conformists,devices,persistently
constituent,computing,corporate,debated,discretely,co-operate,disposal,conformity,devote,persisting
constituents,conclude,corporates,debates,discretion,co-operated,disposed,conforms,devoted,persists
constituted,concluded,corporation,debating,discretionary,co-operates,disposes,nonconformist,devotedly,pose
constitutes,concludes,corporations,despite,indiscrete,co-operation,disposing,nonconformists,devotes,posed
constituting,concluding,correspond,dimension,indiscretion,co-operative,dynamic,nonconformity,devoting,poses
constitution,conclusion,corresponded,dimensional,draft,co-operatively,dynamically,non-conformist,devotion,posing
constitutions,conclusions,correspondence,dimensions,drafted,discriminate,dynamics,non-conformists,devotions,reluctance
constitutional,conclusive,corresponding,multidimensional,drafting,discriminated,eliminate,non-conformity,diminish,reluctant
constitutionally,conclusively,correspondingly,domestic,drafts,discriminates,eliminated,contemporary,diminished,reluctantly
constitutive,inconclusive,corresponds,domestically,redraft,discriminating,eliminates,contemporaries,diminishes,so-called
unconstitutional,inconclusively,criteria,domesticate,redrafted,discrimination,eliminating,contradict,diminishing,straightforward
context,conduct,criterion,domesticated,redrafting,display,elimination,contradicted,diminution,undergo
contexts,conducted,deduce,domesticating,redrafts,displayed,empirical,contradicting,undiminished,undergoes
contextual,conducting,deduced,domestics,enable,displaying,empirically,contradiction,distort,undergoing
contextualise,conducts,deduces,emerge,enabled,displays,empiricism,contradictions,distorted,undergone
contextualised,consequent,deducing,emerged,enables,diverse,equip,contradictory,distorting,underwent
contextualising,consequence,deduction,emergence,enabling,diversely,equipment,contradicts,distortion,whereby
uncontextualised,consequences,deductions,emergent,energy,diversification,equipped,crucial,distortions,
contextualize,consequently,demonstrate,emerges,energetic,diversified,equipping,crucially,distorts,
contextualized,construct,demonstrable,emerging,energetically,diversifies,equips,currency,duration,
contextualizing,constructed,demonstrably,error,energies,diversify,extract,currencies,erode,
uncontextualized,constructing,demonstrated,erroneous,enforce,diversifying,extracted,denote,eroded,
contract,construction,demonstrates,erroneously,enforced,diversity,extracting,denotation,erodes,
contracted,constructions,demonstrating,errors,enforcement,domain,extraction,denotations,eroding,
contracting,constructive,demonstration,ethnic,enforces,domains,extracts,denoted,erosion,
contractor,constructs,demonstrations,ethnicity,enforcing,edit,file,denotes,ethic,
contractors,reconstruct,demonstrative,goal,entity,edited,filed,denoting,ethical,
contracts,reconstructed,demonstratively,goals,entities,editing,files,detect,ethically,
create,reconstructing,demonstrator,grant,equivalent,edition,filing,detectable,ethics,
created,reconstruction,demonstrators,granted,equivalence,editions,finite,detected,unethical,
creates,reconstructs,document,granting,evolve,editor,infinite,detecting,format,
creating,consume,documentation,grants,evolution,editorial,infinitely,detection,formatted,
creation,consumed,documented,hence,evolved,editorials,foundation,detective,formatting,
creations,consumer,documenting,hypothesis,evolving,editors,foundations,detectives,formats,
creative,consumers,documents,hypotheses,evolves,edits,globe,detector,found,
creatively,consumes,dominate,hypothesise,evolutionary,enhance,global,detectors,founded,
creativity,consuming,dominance,hypothesised,evolutionist,enhanced,globally,detects,founder,
creator,consumption,dominant,hypothesises,evolutionists,enhancement,globalisation,deviate,founders,
creators,credit,dominated,hypothesising,expand,enhances,globalization,deviated,founding,
recreate,credited,dominates,hypothesize,expanded,enhancing,grade,deviates,unfounded,
recreated,crediting,dominating,hypothesized,expanding,estate,graded,deviating,inherent,
recreates,creditor,domination,hypothesizes,expands,estates,grades,deviation,inherently,
recreating,creditors,emphasis,hypothesizing,expansion,exceed,grading,deviations,insight,
data,credits,emphasise,hypothetical,expansionism,exceeded,guarantee,displace,insightful,
define,culture,emphasised,hypothetically,expansive,exceeding,guaranteed,displaced,insights,
definable,cultural,emphasising,implement,expose,exceeds,guaranteeing,displacement,integral,
defined,culturally,emphasize,implementation,exposed,expert,guarantees,displaces,intermediate,
defines,cultured,emphasized,implemented,exposes,expertise,hierarchy,displacing,manual,
defining,cultures,emphasizes,implementing,exposing,expertly,hierarchical,drama,manually,
definition,uncultured,emphasizing,implements,exposure,experts,hierarchies,dramas,manuals,
definitions,design,emphatic,implicate,exposures,explicit,identical,dramatic,mature,
redefine,designed,emphatically,implicated,external,explicitly,identically,dramatically,immature,
redefined,designer,ensure,implicates,externalisation,federal,ideology,dramatise,immaturity,
redefines,designers,ensured,implicating,externalise,federation,ideological,dramatised,maturation,
redefining,designing,ensures,implication,externalised,federations,ideologically,dramatising,maturational,
undefined,designs,ensuring,implications,externalises,fee,ideologies,dramatises,matured,
derive,distinct,exclude,impose,externalising,fees,infer,dramatisation,matures,
derivation,distinction,excluded,imposed,externality,flexible,inference,dramatisations,maturing,
derivations,distinctions,excludes,imposes,externalization,flexibility,inferences,dramatist,maturity,
derivative,distinctive,excluding,imposing,externalize,inflexible,inferred,dramatists,mediate,
derivatives,distinctively,exclusion,imposition,externalized,inflexibility,inferring,dramatization,mediated,
derived,distinctly,exclusionary,integrate,externalizes,furthermore,infers,dramatizations,mediates,
derives,indistinct,exclusionist,integrated,externalizing,gender,innovate,dramatize,mediating,
deriving,indistinctly,exclusions,integrates,externally,genders,innovation,dramatized,mediation,
distribute,element,exclusive,integrating,facilitate,ignorant,innovated,dramatizes,medium,
distributed,elements,exclusively,integration,facilitated,ignorance,innovates,dramatizing,military,
distributing,equate,framework,internal,facilitates,ignore,innovating,eventual,minimal,
distribution,equated,frameworks,internalise,facilities,ignored,innovations,eventuality,minimalisation,
distributional,equates,fund,internalised,facilitating,ignores,innovative,eventually,minimalise,
distributions,equating,funded,internalises,facilitation,ignoring,innovator,exhibit,minimalises,
distributive,equation,funder,internalising,facilitator,incentive,innovators,exhibited,minimalised,
distributor,equations,funders,internalize,facilitators,incentives,insert,exhibiting,minimalising,
distributors,evaluate,funding,internalized,facility,incidence,inserted,exhibition,minimalist,
redistribute,evaluated,funds,internalizes,fundamental,incident,inserting,exhibitions,minimalists,
redistributed,evaluates,illustrate,internalizing,fundamentally,incidentally,insertion,exhibits,minimalistic,
redistributes,evaluating,illustrated,internally,generate,incidents,inserts,exploit,minimalization,
redistributing,evaluation,illustrates,investigate,generated,incorporate,intervene,exploitation,minimalize,
redistribution,evaluations,illustrating,investigated,generates,incorporated,intervened,exploited,minimalized,
economy,evaluative,illustration,investigates,generating,incorporates,intervenes,exploiting,minimalizes,
economic,re-evaluate,illustrations,investigating,generation,incorporating,intervening,exploits,minimalizing,
economical,re-evaluated,illustrative,investigation,generations,incorporation,intervention,fluctuate,minimally,
economically,re-evaluates,immigrate,investigations,image,index,interventions,fluctuated,mutual,
economics,re-evaluating,immigrant,investigative,imagery,indexed,isolate,fluctuates,mutually,
economies,re-evaluation,immigrants,investigator,images,indexes,isolated,fluctuating,norm,
economist,feature,immigrated,investigators,liberal,indexing,isolates,fluctuation,norms,
economists,featured,immigrates,job,liberalise,inhibit,isolating,fluctuations,overlap,
uneconomical,features,immigrating,jobs,liberalism,inhibited,isolation,guideline,overlapped,
environment,featuring,immigration,label,liberalisation,inhibiting,isolationism,guidelines,overlapping,
environmental,final,imply,labeled,liberalised,inhibition,media,highlight,overlaps,
environmentalist,finalise,implied,labeling,liberalises,inhibitions,mode,highlighted,passive,
environmentalists,finalised,implies,labelled,liberalising,inhibits,modes,highlighting,passively,
environmentally,finalises,implying,labelling,liberalization,initiate,paradigm,highlights,passivity,
environments,finalising,initial,labels,liberalize,initiated,paradigms,implicit,portion,
establish,finalize,initially,mechanism,liberalized,initiates,phenomenon,implicitly,portions,
disestablish,finalized,instance,mechanisms,liberalizes,initiating,phenomena,induce,preliminary,
disestablished,finalizes,instances,obvious,liberalizing,initiation,phenomenal,induced,preliminaries,
disestablishes,finalizing,interact,obviously,liberate,initiations,priority,induces,protocol,
disestablishing,finality,interacted,occupy,liberated,initiative,priorities,inducing,protocols,
disestablishment,finally,interacting,occupancy,liberates,initiatives,prioritisation,induction,qualitative,
established,finals,interaction,occupant,liberation,initiator,prioritise,inevitable,qualitatively,
establishes,focus,interactions,occupants,liberations,initiators,prioritised,inevitability,refine,
establishing,focused,interactive,occupation,liberating,input,prioritises,inevitably,refined,
establishment,focuses,interactively,occupational,liberator,inputs,prioritising,infrastructure,refinement,
establishments,focusing,interacts,occupations,liberators,instruct,prioritization,infrastructures,refinements,
estimate,focussed,justify,occupied,liberally,instruction,prioritize,inspect,refines,
estimated,focussing,justifiable,occupier,liberals,instructed,prioritized,inspected,refining,
estimates,refocus,justifiably,occupiers,licence,instructing,prioritizes,inspecting,relax,
estimating,refocused,justification,occupies,licences,instructions,prioritizing,inspection,relaxation,
estimation,refocuses,justifications,occupying,license,instructive,prohibit,inspections,relaxed,
estimations,refocusing,justified,option,licensed,instructor,prohibited,inspector,relaxes,
over-estimate,refocussed,justifies,optional,licensing,instructors,prohibiting,inspectors,relaxing,
overestimate,refocusses,justifying,options,licenses,instructs,prohibition,inspects,restrain,
overestimated,refocussing,unjustified,output,unlicensed,intelligent,prohibitions,intense,restrained,
overestimates,impact,layer,outputs,logic,intelligence,prohibitive,intensely,restraining,
overestimating,impacted,layered,overall,illogical,intelligently,prohibits,intenseness,restrains,
underestimate,impacting,layering,parallel,illogically,unintelligent,publication,intensification,restraint,
underestimated,impacts,layers,paralleled,logical,interval,publications,intensified,restraints,
underestimates,injure,link,parallelled,logically,intervals,quote,intensifies,unrestrained,
underestimating,injured,linkage,parallelling,logician,lecture,quotation,intensify,revolution,
evident,injures,linkages,parallels,logicians,lectured,quotations,intensifying,revolutionary,
evidenced,injuries,linked,unparalleled,margin,lecturer,quoted,intension,revolutionaries,
evidence,injuring,linking,parameter,marginal,lecturers,quotes,intensity,revolutionise,
evidential,injury,links,parameters,marginally,lectures,quoting,intensive,revolutionised,
evidently,uninjured,locate,phase,margins,lecturing,release,intensively,revolutionises,
export,institute,located,phased,medical,migrate,released,manipulate,revolutionising,
exported,instituted,locating,phases,medically,migrant,releases,manipulated,revolutionist,
exporter,institutes,location,phasing,mental,migrants,releasing,manipulates,revolutionists,
exporters,instituting,locations,predict,mentality,migrated,reverse,manipulating,revolutionize,
exporting,institution,relocate,predictability,mentally,migrates,reversal,manipulation,revolutionized,
exports,institutional,relocated,predictable,modify,migrating,reversed,manipulations,revolutionizes,
factor,institutionalise,relocates,predictably,modification,migration,reverses,manipulative,revolutionizing,
factored,institutionalised,relocating,predicted,modifications,migrations,reversible,minimise,revolutions,
factoring,institutionalises,relocation,predicting,modified,migratory,reversing,minimised,rigid,
factors,institutionalising,maximise,prediction,modifies,minimum,reversals,minimises,rigidities,
finance,institutionalized,max,predictions,modifying,ministry,irreversible,minimising,rigidity,
financed,institutionalizes,maximised,predicts,unmodified,ministered,simulate,minimize,rigidly,
finances,institutionalizing,maximises,unpredictability,monitor,ministering,simulated,minimized,route,
financial,institutionally,maximising,unpredictable,monitored,ministerial,simulates,minimizes,routed,
financially,institutions,maximisation,principal,monitoring,ministries,simulating,minimizing,routes,
financier,invest,maximize,principally,monitors,motive,simulation,nuclear,routing,
financiers,invested,maximized,prior,unmonitored,motivate,sole,offset,scenario,
financing,investing,maximizes,professional,network,motivated,solely,offsets,scenarios,
formula,investment,maximizing,professionally,networked,motivates,somewhat,offsetting,sphere,
formulae,investments,maximization,professionals,networking,motivating,submit,paragraph,spheres,
formulas,investor,maximum,professionalism,networks,motivation,submission,paragraphing,spherical,
formulate,investors,minor,project,notion,motivations,submissions,paragraphs,spherically,
formulated,invests,minorities,projected,notions,motives,submits,plus,subordinate,
formulating,reinvest,minority,projecting,objective,unmotivated,submitted,pluses,subordinates,
formulation,reinvested,minors,projection,objectively,neutral,submitting,practitioner,subordination,
formulations,reinvesting,negate,projections,objectivity,neutralisation,successor,practitioners,supplement,
reformulate,reinvestment,negative,projects,orient,neutralise,succession,predominant,supplementary,
reformulated,reinvests,negated,promote,orientate,neutralised,successions,predominance,supplemented,
reformulating,item,negates,promoted,orientated,neutralises,successive,predominantly,supplementing,
reformulation,itemisation,negating,promoter,orientates,neutralising,successively,predominate,supplements,
reformulations,itemise,negatively,promoters,orientation,neutrality,successors,predominated,suspend,
function,itemised,negatives,promotes,orientating,neutralization,survive,predominates,suspended,
functional,itemises,outcome,promoting,oriented,neutralize,survival,predominating,suspending,
functionally,itemising,outcomes,promotion,orienting,neutralized,survived,prospect,suspends,
functioned,items,partner,promotions,orients,neutralizes,survives,prospective,suspension,
functioning,journal,partners,regime,reorient,neutralizing,surviving,prospects,team,
functions,journals,partnership,regimes,reorientation,nevertheless,survivor,radical,teamed,
identify,maintain,partnerships,resolve,perspective,overseas,survivors,radically,teaming,
identifiable,maintained,philosophy,resolution,perspectives,precede,thesis,radicals,teams,
identification,maintaining,philosopher,resolved,precise,preceded,theses,random,temporary,
identified,maintains,philosophers,resolves,imprecise,precedence,,randomly,temporarily,
identifies,maintenance,philosophical,resolving,precisely,precedent,,randomness,trigger,
identifying,normal,philosophically,unresolved,precision,precedes,,reinforce,triggered,
identities,abnormal,philosophies,retain,prime,preceding,,reinforced,triggering,
identity,abnormally,philosophise,retained,primacy,unprecedented,,reinforcement,triggers,
unidentifiable,normalisation,philosophised,retaining,psychology,presume,,reinforcements,unify,
income,normalise,philosophises,retainer,psychological,presumably,,reinforces,unification,
incomes,normalised,philosophising,retainers,psychologically,presumed,,reinforcing,unified,
indicate,normalises,philosophize,retains,psychologist,presumes,,restore,unifies,
indicated,normalising,philosophized,retention,psychologists,presuming,,restoration,unifying,
indicates,normalization,philosophizes,retentive,pursue,presumption,,restored,violate,
indicating,normalize,philosophizing,series,pursued,presumptions,,restores,violated,
indication,normalized,physical,statistic,pursues,presumptuous,,restoring,violates,
indications,normalizes,physically,statistician,pursuing,rational,,revise,violating,
indicative,normalizing,proportion,statisticians,pursuit,irrational,,revised,violation,
indicator,normality,disproportion,statistical,pursuits,rationalisation,,revises,violations,
indicators,normally,disproportionate,statistically,ratio,rationalisations,,revising,vision,
individual,obtain,disproportionately,statistics,ratios,rationalise,,revision,visions,
individualised,obtainable,proportional,status,reject,rationalised,,revisions,,
individuality,obtained,proportionally,stress,rejected,rationalises,,schedule,,
individualism,obtaining,proportionate,stressed,rejecting,rationalising,,reschedule,,
individualist,obtains,proportionately,stresses,rejection,rationalism,,rescheduled,,
individualists,unobtainable,proportions,stressful,rejects,rationality,,reschedules,,
individualistic,participate,publish,stressing,rejections,rationalization,,rescheduling,,
individually,participant,published,unstressed,revenue,rationalizations,,scheduled,,
individuals,participants,publisher,subsequent,revenues,rationalize,,schedules,,
interpret,participated,publishers,subsequently,stable,rationalized,,scheduling,,
interpretation,participates,publishes,sum,instability,rationalizes,,unscheduled,,
interpretations,participating,publishing,summation,stabilisation,rationally,,tense,,
interpretative,participation,unpublished,summed,stabilise,recover,,tension,,
interpreted,participatory,react,summing,stabilised,recoverable,,tensely,,
interpreting,perceive,reacted,sums,stabilises,recovered,,tenser,,
interpretive,perceived,reacts,summary,stabilising,recovering,,tensest,,
interprets,perceives,reacting,summaries,stabilization,recovers,,tensions,,
misinterpret,perceiving,reaction,summarise,stabilize,recovery,,terminate,,
misinterpretation,perception,reactionaries,summarised,stabilized,reveal,,terminal,,
misinterpretations,perceptions,reactionary,summarises,stabilizes,revealed,,terminals,,
misinterpreted,positive,reactions,summarising,stabilizing,revealing,,terminated,,
misinterpreting,positively,reactive,summarisation,stability,reveals,,terminates,,
misinterprets,potential,reactivate,summarisations,unstable,revelation,,terminating,,
reinterpret,potentially,reactivation,summarization,style,revelations,,termination,,
reinterpreted,previous,reactor,summarizations,styled,scope,,terminations,,
reinterprets,previously,reactors,summarize,styles,subsidy,,theme,,
reinterpreting,primary,register,summarized,styling,subsidiary,,themes,,
reinterpretation,primarily,deregister,summarizes,stylish,subsidies,,thematic,,
reinterpretations,purchase,deregistered,summarizing,stylise,subsidise,,thematically,,
involve,purchased,deregistering,undertake,stylised,subsidised,,thereby,,
involved,purchaser,deregisters,undertaken,stylises,subsidises,,uniform,,
involvement,purchasers,deregistration,undertakes,stylising,subsidising,,uniformity,,
involves,purchases,registered,undertaking,stylize,subsidize,,uniformly,,
involving,purchasing,registering,undertook,stylized,subsidized,,vehicle,,
uninvolved,range,registers,,stylizes,subsidizes,,vehicles,,
issue,ranged,registration,,stylizing,subsidizing,,via,,
issued,ranges,rely,,substitute,tape,,virtual,,
issues,ranging,reliability,,substituted,taped,,virtually,,
issuing,region,reliable,,substitutes,tapes,,visual,,
labour,regional,reliably,,substituting,taping,,visualise,,
labor,regionally,reliance,,substitution,trace,,visualised,,
labored,regions,reliant,,sustain,traceable,,visualised,,
labors,regulate,relied,,sustainable,traced,,visualising,,
laboured,deregulated,relies,,sustainability,traces,,visualisation,,
labouring,deregulates,relying,,sustained,tracing,,visualize,,
labours,deregulating,unreliable,,sustaining,transform,,visualized,,
legal,deregulation,remove,,sustains,transformation,,visualizing,,
illegal,regulated,removable,,sustenance,transformations,,visualization,,
illegality,regulates,removal,,unsustainable,transformed,,visually,,
illegally,regulating,removals,,symbol,transforming,,widespread,,
legality,regulation,removed,,symbolic,transforms,,,,
legally,regulations,removes,,symbolically,transport,,,,
legislate,regulator,removing,,symbolise,transportation,,,,
legislated,regulators,scheme,,symbolises,transported,,,,
legislates,regulatory,schematic,,symbolised,transporter,,,,
legislating,unregulated,schematically,,symbolising,transporters,,,,
legislation,relevant,schemed,,symbolism,transporting,,,,
legislative,irrelevance,schemes,,symbolize,transports,,,,
legislator,irrelevant,scheming,,symbolized,underlie,,,,
legislators,relevance,sequence,,symbolizes,underlay,,,,
legislature,reside,sequenced,,symbolizing,underlies,,,,
major,resided,sequences,,symbols,underlying,,,,
majorities,residence,sequencing,,target,utilise,,,,
majority,resident,sequential,,targeted,utilisation,,,,
method,residential,sequentially,,targeting,utilised,,,,
methodical,residents,sex,,targets,utilises,,,,
methodological,resides,sexes,,transit,utilising,,,,
methodologies,residing,sexism,,transited,utiliser,,,,
methodology,resource,sexual,,transiting,utilisers,,,,
methods,resourced,sexuality,,transition,utility,,,,
occur,resourceful,sexually,,transitional,utilities,,,,
occurred,resources,shift,,transitions,utilization,,,,
occurrence,resourcing,shifted,,transitory,utilize,,,,
occurrences,unresourceful,shifting,,transits,utilized,,,,
occurring,under-resourced,shifts,,trend,utilizes,,,,
occurs,restrict,specify,,trends,utilizing,,,,
reoccur,restricted,specifiable,,version,,,,,
reoccurred,restricting,specified,,versions,,,,,
reoccurring,restriction,specifies,,welfare,,,,,
reoccurs,restrictions,specifying,,whereas,,,,,
percent,restrictive,unspecified,,,,,,,
percentage,restrictively,,,,,,,,
percentages,restricts,,,,,,,,
period,unrestricted,,,,,,,,
periodic,unrestrictive,,,,,,,,
periodical,secure,,,,,,,,
periodically,insecure,,,,,,,,
periodicals,insecurities,,,,,,,,
periods,insecurity,,,,,,,,
policy,secured,,,,,,,,
policies,securely,,,,,,,,
principle,secures,,,,,,,,
principled,securing,,,,,,,,
principles,securities,,,,,,,,
unprincipled,security,,,,,,,,
proceed,seek,,,,,,,,
procedural,seeking,,,,,,,,
procedure,seeks,,,,,,,,
procedures,sought,,,,,,,,
proceeded,select,,,,,,,,
proceeding,selected,,,,,,,,
proceedings,selecting,,,,,,,,
proceeds,selection,,,,,,,,
process,selections,,,,,,,,
processed,selective,,,,,,,,
processes,selectively,,,,,,,,
processing,selector,,,,,,,,
require,selectors,,,,,,,,
required,selects,,,,,,,,
requirement,site,,,,,,,,
requirements,sites,,,,,,,,
requires,strategy,,,,,,,,
requiring,strategic,,,,,,,,
research,strategies,,,,,,,,
researched,strategically,,,,,,,,
researcher,strategist,,,,,,,,
researchers,,,,,,,,,
researches,,,,,,,,,
researching,,,,,,,,,
respond,,,,,,,,,
responded,,,,,,,,,
respondent,,,,,,,,,
respondents,,,,,,,,,
responding,,,,,,,,,
responds,,,,,,,,,
response,,,,,,,,,
responses,,,,,,,,,
responsive,,,,,,,,,
responsiveness,,,,,,,,,
unresponsive,,,,,,,,,
role,,,,,,,,,
roles,,,,,,,,,
section,,,,,,,,,
sectioned,,,,,,,,,
sectioning,,,,,,,,,
sections,,,,,,,,,
sector,,,,,,,,,
sectors,,,,,,,,,
significant,,,,,,,,,
insignificant,,,,,,,,,
insignificantly,,,,,,,,,
significance,,,,,,,,,
significantly,,,,,,,,,
signified,,,,,,,,,
signifies,,,,,,,,,
signify,,,,,,,,,
signifying,,,,,,,,,
similar,,,,,,,,,
dissimilar,,,,,,,,,
similarities,,,,,,,,,
similarity,,,,,,,,,
similarly,,,,,,,,,
source,,,,,,,,,
sourced,,,,,,,,,
sources,,,,,,,,,
sourcing,,,,,,,,,
specific,,,,,,,,,
specifically,,,,,,,,,
specification,,,,,,,,,
specifications,,,,,,,,,
specificity,,,,,,,,,
specifics,,,,,,,,,
structure,,,,,,,,,
restructure,,,,,,,,,
restructured,,,,,,,,,
restructures,,,,,,,,,
restructuring,,,,,,,,,
structural,,,,,,,,,
structurally,,,,,,,,,
structured,,,,,,,,,
structures,,,,,,,,,
structuring,,,,,,,,,
unstructured,,,,,,,,,
theory,,,,,,,,,
theoretical,,,,,,,,,
theoretically,,,,,,,,,
theories,,,,,,,,,
theorist,,,,,,,,,
theorists,,,,,,,,,
vary,,,,,,,,,
invariable,,,,,,,,,
invariably,,,,,,,,,
variability,,,,,,,,,
variable,,,,,,,,,
variables,,,,,,,,,
variably,,,,,,,,,
variance,,,,,,,,,
variant,,,,,,,,,
variants,,,,,,,,,
variation,,,,,,,,,
variations,,,,,,,,,
varied,,,,,,,,,
varies,,,,,,,,,
varying,,,,,,,,,
